Thailand,TC SUBARU,Subaru,Automotive
Thailand,Unite Media,Unite Media,Entertainment & media
Thailand,UOB,UOB,Finance
Thailand,Versace,Versace,Fashion
Thailand,Viq Group,Vivo,Consumer Electronics
Thailand,Volvo Cars,Volvo,Automotive
Thailand,VV Retail,Better Vision,Fashion
Thailand,Warrix Sport,Warrix,Fashion
Thailand,WHA,WHA,Utilities
Thailand,Winner Media,Autobacs,Entertainment & media
Thailand,Winner Media,Electronics Fair,Entertainment & media
Thailand,Winner Media,PT,Entertainment & media
Thailand,Winner Media,PT LPG,Entertainment & media
Thailand,Winner Media,Valentine Wedding Expo,Entertainment & media
Thailand,Winner Media,Wedding Fair,Entertainment & media
Thailand,Wizlah TH,Wizlah,Household Items
Thailand,Xiaomi,14 Series,Consumer Electronics
Thailand,Xiaomi,Longterm OOHs,Consumer Electronics
Thailand,Xiaomi,RN 14 Series,Consumer Electronics
Thailand,Xiaomi,RN13 Series,Consumer Electronics
Thailand,Xiaomi,Xiaomi 13T Series,Consumer Electronics
Thailand,Xiaomi,Xiaomi 15 Series,Consumer Electronics
Thailand,Xiaomi,Xiaomi Branding ,Consumer Electronics
Thailand,Xiaomi,Xiaomi Eco Products,Consumer Electronics
Thailand,Yara International Asa,Yara Fertilizer,Household Items
Thailand,You Technologies Group,YouTrip,Financial Services & Insurance
